[
    {
        "name": "Resort_Island",
        "location_size": 48,
        "location_border_thickness": 4,
        "img": "images/maps/ResortIsland.png"
    },
    {
        "name": "Radical_City",
        "location_size": 48,
        "location_border_thickness": 4,
        "img": "images/maps/RadicalCity.png"
    },
	{
        "name": "Regal_Ruin",
        "location_size": 48,
        "location_border_thickness": 4,
        "img": "images/maps/RegalRuin.png"
    },
	{
        "name": "Reactive_Factory",
        "location_size": 48,
        "location_border_thickness": 4,
        "img": "images/maps/ReactiveFactory.png"
    },
	{
        "name": "Radiant_Emerald",
        "location_size": 48,
        "location_border_thickness": 4,
        "img": "images/maps/RadiantEmerald.png"
    },
	{
        "name": "Resort_Island_BS",
        "location_size": 48,
        "location_border_thickness": 4,
        "img": "images/maps/ResortIsland.png"
    },
	{
        "name": "Radical_City_BS",
        "location_size": 48,
        "location_border_thickness": 4,
        "img": "images/maps/RadicalCity.png"
    },
	{
        "name": "Regal_Ruin_BS",
        "location_size": 48,
        "location_border_thickness": 4,
        "img": "images/maps/RegalRuin.png"
    },
	{
        "name": "Reactive_Factory_BS",
        "location_size": 48,
        "location_border_thickness": 4,
        "img": "images/maps/ReactiveFactory.png"
    },
	{
        "name": "Radiant_Emerald_BS",
        "location_size": 48,
        "location_border_thickness": 4,
        "img": "images/maps/RadiantEmerald.png"
    }
]