[
    {
        "name": "Blue Emerald",
        "type": "toggle",
        "img": "images/items/Chaos1.png",
        "codes": "BKey"
    },
     {
        "name": "Green Emerald",
        "type": "toggle",
        "img": "images/items/Chaos2.png",
        "codes": "GKey"
    },
	 {
        "name": "Purple Emerald",
        "type": "toggle",
        "img": "images/items/Chaos3.png",
        "codes": "PKey"
    },
	 {
        "name": "Yellow Emerald",
        "type": "toggle",
        "img": "images/items/Chaos4.png",
        "codes": "YKey"
    },
	 {
        "name": "Orange Emerald",
        "type": "toggle",
        "img": "images/items/Chaos5.png",
        "codes": "OKey"
    },
	 {
        "name": "Red Emerald",
        "type": "toggle",
        "img": "images/items/Chaos6.png",
        "codes": "RKey"
    },
	 {
        "name": "White Emerald",
        "type": "toggle",
        "img": "images/items/Chaos7.png",
        "codes": "WKey"
    },
	 {
        "name": "Metal Sonic",
        "type": "toggle",
        "img": "images/items/MetalSonic.png",
        "codes": "MSCharacter"
    },
	 {
        "name": "Tails Doll",
        "type": "toggle",
        "img": "images/items/TailsDoll.png",
        "codes": "TDCharacter"
    },
	 {
        "name": "Egg Robo",
        "type": "toggle",
        "img": "images/items/EggRobo.png",
        "codes": "ERCharacter"
    },
	 {
        "name": "Metal Knuckles",
        "type": "toggle",
        "img": "images/items/MetalKnuckles.png",
        "codes": "MKCharacter"
    },
	 {
        "name": "Super Sonic",
        "type": "toggle",
        "img": "images/items/SuperSonic.png",
        "codes": "SSCharacter"
    },
	 {
        "name": "Resort Island",
        "type": "static",
        "img": "images/items/ResortIslandUnlock.png",
        "codes": "RIStageUnlock"
    },
	 {
        "name": "Radical City",
        "type": "toggle",
        "img": "images/items/RadicalCityUnlock.png",
        "codes": "RCStageUnlock"
    },
	 {
        "name": "Regal Ruin",
        "type": "toggle",
        "img": "images/items/RegalRuinUnlock.png",
        "codes": "RRStageUnlock"
    },
	 {
        "name": "Reactive Factory",
        "type": "toggle",
        "img": "images/items/ReactiveFactoryUnlock.png",
        "codes": "RFStageUnlock"
    },
	 {
        "name": "Radiant Emerald",
        "type": "toggle",
        "img": "images/items/RadiantEmeraldUnlock.png",
        "codes": "REStageUnlock"
    },
	 {
        "name": "Resort Island BS",
        "type": "toggle",
        "img": "images/items/ResortIslandUnlockBS.png",
        "codes": "RIBSStageUnlock"
    },
	 {
        "name": "Radical City BS",
        "type": "toggle",
        "img": "images/items/RadicalCityUnlockBS.png",
        "codes": "RCBSStageUnlock"
    },
	 {
        "name": "Regal Ruin BS",
        "type": "toggle",
        "img": "images/items/RegalRuinUnlockBS.png",
        "codes": "RRBSStageUnlock"
    },
	 {
        "name": "Reactive Factory BS",
        "type": "toggle",
        "img": "/images/items/ReactiveFactoryUnlockBS.png",
        "codes": "RFBSStageUnlock"
    },
	 {
        "name": "Radiant Emerald BS",
        "type": "toggle",
        "img": "/images/items/RadiantEmeraldUnlockBS.png",
        "codes": "REBSStageUnlock"
    },
	 {
        "name": "Resort Island Token",
        "type": "consumable",
        "img": "/images/items/SonicToken.png",
		"min_quantity": "0",
		"max_quantity": "5",
		"increment": "1",
		"decrement": "1",
        "codes": "RIToken"
    },
	 {
        "name": "Radical City Token",
        "type": "consumable",
        "img": "/images/items/SonicToken.png",
		"min_quantity": "0",
		"max_quantity": "5",
		"increment": "1",
		"decrement": "1",
        "codes": "RCToken"
    },
	 {
        "name": "Regal Ruin Token",
        "type": "consumable",
        "img": "/images/items/SonicToken.png",
		"min_quantity": "0",
		"max_quantity": "5",
		"increment": "1",
		"decrement": "1",
        "codes": "RRToken"
    },
	 {
        "name": "Reactive Factory Token",
        "type": "consumable",
        "img": "/images/items/SonicToken.png",
		"min_quantity": "0",
		"max_quantity": "5",
		"increment": "1",
		"decrement": "1",
        "codes": "RFToken"
    },
	 {
        "name": "Resort_Island_Balloons",
        "type": "consumable",
        "img": "/images/items/Balloon.png",
		"min_quantity": "0",
		"max_quantity": "17",
		"increment": "1",
		"decrement": "1",
        "codes": "balloons"
    },
	 {
        "name": "Radical_City_Balloons",
        "type": "consumable",
        "img": "/images/items/Balloon.png",
		"min_quantity": "0",
		"max_quantity": "17",
		"increment": "1",
		"decrement": "1",
        "codes": "balloons"
    },
	 {
        "name": "Regal_Ruin_Balloons",
        "type": "consumable",
        "img": "/images/items/Balloon.png",
		"min_quantity": "0",
		"max_quantity": "17",
		"increment": "1",
		"decrement": "1",
        "codes": "balloons"
    },
	 {
        "name": "Reactive_Factory_Balloons",
        "type": "consumable",
        "img": "/images/items/Balloon.png",
		"min_quantity": "0",
		"increment": "1",
		"decrement": "1",
		"max_quantity": "17",
        "codes": "balloons"
    },
	 {
        "name": "Radiant_Emerald_Balloons",
        "type": "consumable",
        "img": "/images/items/Balloon.png",
		"min_quantity": "0",
		"max_quantity": "17",
		"increment": "1",
		"decrement": "1",
        "codes": "balloons"
    }
]