[
	{
        "name": "Radical City",
		"chest_unopened_img": "images/RNotGet.png",
        "chest_opened_img": "images/RGet.png",
        "children": [
            {
			 
                "name": "Radical City Token 1",
                "access_rules": [
					"RCStageUnlock"
                ],
                "sections": [
                    {
                        "name": "Token 1",
                        "item_count": 1
                    }
                ],
                "map_locations": [
                    {
                        "map": "Radical_City",
                        "x": 75,
                        "y": 190,
						"size": 15
                    }
                ]
            },
			{
			 
                "name": "Radical City Token 2",
                "access_rules": [
					"RCStageUnlock"
                ],
                "sections": [
                    {
                        "name": "Token 2",
                        "item_count": 1
                    }
                ],
                "map_locations": [
                    {
                        "map": "Radical_City",
                        "x": 250,
                        "y": 345,
						"size": 15
                    }
                ]
            },
			{
			 
                "name": "Radical City Token 3",
                "access_rules": [
					"RCStageUnlock"
                ],
                "sections": [
                    {
                        "name": "Token 3",
                        "item_count": 1
                    }
                ],
                "map_locations": [
                    {
                        "map": "Radical_City",
                        "x": 220,
                        "y": 415,
						"size": 15
                    }
                ]
            },
			{
			 
                "name": "Radical City Token 4",
                "access_rules": [
					"RCStageUnlock"
                ],
                "sections": [
                    {
                        "name": "Token 4",
                        "item_count": 1
                    }
                ],
                "map_locations": [
                    {
                        "map": "Radical_City",
                        "x": 505,
                        "y": 255,
						"size": 15
                    }
                ]
            },
			{
			 
                "name": "Radical City Token 5",
                "access_rules": [
					"RCStageUnlock"
                ],
                "sections": [
                    {
                        "name": "Token 5",
                        "item_count": 1
                    }
                ],
                "map_locations": [
                    {
                        "map": "Radical_City",
                        "x": 545,
                        "y": 475,
						"size": 15
                    }
                ]
            },
			{
			 
                "name": "Radical City Green Emerald",
                "access_rules": [
					"RCStageUnlock"
                ],
                "sections": [
                    {
                        "name": "Green Emerald",
                        "item_count": 1
                    }
                ],
                "map_locations": [
                    {
                        "map": "Radical_City",
                        "x": 195,
                        "y": 190,
						"size": 15
                    }
                ]
            },
			{
			 
                "name": "Radical City Purple Emerald",
                "access_rules": [
					"RCStageUnlock"
                ],
                "sections": [
                    {
                        "name": "Purple Emerald",
                        "item_count": 1
                    }
                ],
                "map_locations": [
                    {
                        "map": "Radical_City",
                        "x": 647,
                        "y": 115,
						"size": 15
                    }
                ]
            },
			{
			 
                "name": "Radical City Tails Doll Race",
                "access_rules": [
					"RCStageUnlock, $HasEnoughToken|RC"
                ],
                "sections": [
                    {
                        "name": "Tails Doll",
                        "item_count": 1
                    }
                ],
                "map_locations": [
                    {
                        "map": "Radical_City",
                        "x": 400,
                        "y": 280,
						"size": 15
                    }
                ]
            },
			{
			 
                "name": "Radical City 1st Place",
                "access_rules": [
					"RCStageUnlock"
                ],
                "sections": [
                    {
                        "name": "1st Place",
                        "item_count": 1
                    }
                ],
                "map_locations": [
                    {
                        "map": "Radical_City",
                        "x": 380,
                        "y": 280,
						"size": 15
                    }
                ]
            },
			{
			 
                "name": "Radical City 20 Ring Gate 1",
                "access_rules": [
					"RCStageUnlock"
                ],
                "sections": [
                    {
                        "name": "20 Ring Gate 1",
                        "item_count": 1
                    }
                ],
                "map_locations": [
                    {
                        "map": "Radical_City",
                        "x": 225,
                        "y": 190,
						"size": 15
                    }
                ]
            },
			{
			 
                "name": "Radical City 20 Ring Gate 2",
                "access_rules": [
					"RCStageUnlock"
                ],
                "sections": [
                    {
                        "name": "20 Ring Gate 2",
                        "item_count": 1
                    }
                ],
                "map_locations": [
                    {
                        "map": "Radical_City",
                        "x": 585,
                        "y": 510,
						"size": 15
                    }
                ]
            },
			{
			 
                "name": "Radical City 50 Ring Gate",
                "access_rules": [
					"RCStageUnlock"
                ],
                "sections": [
                    {
                        "name": "50 Ring Gate",
                        "item_count": 1
                    }
                ],
                "map_locations": [
                    {
                        "map": "Radical_City",
                        "x": 490,
                        "y": 130,
						"size": 15
                    }
                ]
            }           
        ]
    }
]