[
	{
        "name": "Radical City BS",
		"chest_unopened_img": "images/RNotGet.png",
        "chest_opened_img": "images/RGet.png",
        "children": [		
			{
			 
                "name": "Radical City Balloon 1",
                "access_rules": [
					"RCBSStageUnlock"
                ],
                "sections": [
                    {
                        "name": "Balloon 1",
                        "item_count": 1
                    }
                ],
                "map_locations": [
                    {
                        "map": "Radical_City_BS",
                        "x": 150,
                        "y": 80,
						"size": 15
                    }
                ]
            },
			{
			 
                "name": "Radical City Balloon 2",
                "access_rules": [
					"RCBSStageUnlock"
                ],
                "sections": [
                    {
                        "name": "Balloon 2",
                        "item_count": 1
                    }
                ],
                "map_locations": [
                    {
                        "map": "Radical_City_BS",
                        "x": 220,
                        "y": 340,
						"size": 15
                    }
                ]
            },
			{
			 
                "name": "Radical City Balloon 3",
                "access_rules": [
					"RCBSStageUnlock"
                ],
                "sections": [
                    {
                        "name": "Balloon 3",
                        "item_count": 1
                    }
                ],
                "map_locations": [
                    {
                        "map": "Radical_City_BS",
                        "x": 240,
                        "y": 340,
						"size": 15
                    }
                ]
            },
			{
			 
                "name": "Radical City Balloon 4",
                "access_rules": [
					"RCBSStageUnlock"
                ],
                "sections": [
                    {
                        "name": "Balloon 4",
                        "item_count": 1
                    }
                ],
                "map_locations": [
                    {
                        "map": "Radical_City_BS",
                        "x": 260,
                        "y": 340,
						"size": 15
                    }
                ]
            },
			{
			 
                "name": "Radical City Balloon 5",
                "access_rules": [
					"RCBSStageUnlock"
                ],
                "sections": [
                    {
                        "name": "Balloon 5",
                        "item_count": 1
                    }
                ],
                "map_locations": [
                    {
                        "map": "Radical_City_BS",
                        "x": 250,
                        "y": 205,
						"size": 15
                    }
                ]
            },
			{
			 
                "name": "Radical City Balloon 6",
                "access_rules": [
					"RCBSStageUnlock"
                ],
                "sections": [
                    {
                        "name": "Balloon 6",
                        "item_count": 1
                    }
                ],
                "map_locations": [
                    {
                        "map": "Radical_City_BS",
                        "x": 140,
                        "y": 200,
						"size": 15
                    }
                ]
            },
			{
			 
                "name": "Radical City Balloon 7",
                "access_rules": [
					"RCBSStageUnlock"
                ],
                "sections": [
                    {
                        "name": "Balloon 7",
                        "item_count": 1
                    }
                ],
                "map_locations": [
                    {
                        "map": "Radical_City_BS",
                        "x": 190,
                        "y": 210,
						"size": 15
                    }
                ]
            },
			{
			 
                "name": "Radical City Balloon 8",
                "access_rules": [
					"RCBSStageUnlock"
                ],
                "sections": [
                    {
                        "name": "Balloon 8",
                        "item_count": 1
                    }
                ],
                "map_locations": [
                    {
                        "map": "Radical_City_BS",
                        "x": 280,
                        "y": 330,
						"size": 15
                    }
                ]
            },
			{
			 
                "name": "Radical City Balloon 9",
                "access_rules": [
					"RCBSStageUnlock"
                ],
                "sections": [
                    {
                        "name": "Balloon 9",
                        "item_count": 1
                    }
                ],
                "map_locations": [
                    {
                        "map": "Radical_City_BS",
                        "x": 225,
                        "y": 385,
						"size": 15
                    }
                ]
            },
			{
			 
                "name": "Radical City Balloon 10",
                "access_rules": [
					"RCBSStageUnlock"
                ],
                "sections": [
                    {
                        "name": "Balloon 10",
                        "item_count": 1
                    }
                ],
                "map_locations": [
                    {
                        "map": "Radical_City_BS",
                        "x": 500,
                        "y": 130,
						"size": 15
                    }
                ]
            },
			{
			 
                "name": "Radical City Balloon 11",
                "access_rules": [
					"RCBSStageUnlock"
                ],
                "sections": [
                    {
                        "name": "Balloon 11",
                        "item_count": 1
                    }
                ],
                "map_locations": [
                    {
                        "map": "Radical_City_BS",
                        "x": 505,
                        "y": 235,
						"size": 15
                    }
                ]
            },
			{
			 
                "name": "Radical City Balloon 12",
                "access_rules": [
					"RCBSStageUnlock"
                ],
                "sections": [
                    {
                        "name": "Balloon 12",
                        "item_count": 1
                    }
                ],
                "map_locations": [
                    {
                        "map": "Radical_City_BS",
                        "x": 490,
                        "y": 195,
						"size": 15
                    }
                ]
            },
			{
			 
                "name": "Radical City Balloon 13",
                "access_rules": [
					"RCBSStageUnlock"
                ],
                "sections": [
                    {
                        "name": "Balloon 13",
                        "item_count": 1
                    }
                ],
                "map_locations": [
                    {
                        "map": "Radical_City_BS",
                        "x": 640,
                        "y": 190,
						"size": 15
                    }
                ]
            },
			{
			 
                "name": "Radical City Balloon 14",
                "access_rules": [
					"RCBSStageUnlock"
                ],
                "sections": [
                    {
                        "name": "Balloon 14",
                        "item_count": 1
                    }
                ],
                "map_locations": [
                    {
                        "map": "Radical_City_BS",
                        "x": 610,
                        "y": 280,
						"size": 15
                    }
                ]
            },
			{
			 
                "name": "Radical City Balloon 15",
                "access_rules": [
					"RCBSStageUnlock"
                ],
                "sections": [
                    {
                        "name": "Balloon 15",
                        "item_count": 1
                    }
                ],
                "map_locations": [
                    {
                        "map": "Radical_City_BS",
                        "x": 665,
                        "y": 340,
						"size": 15
                    }
                ]
            },
			{
			 
                "name": "Radical City Balloon 16",
                "access_rules": [
					"RCBSStageUnlock"
                ],
                "sections": [
                    {
                        "name": "Balloon 16",
                        "item_count": 1
                    }
                ],
                "map_locations": [
                    {
                        "map": "Radical_City_BS",
                        "x": 415,
                        "y": 375,
						"size": 15
                    }
                ]
            },
			 {
                "name": "Radical City Balloon 17",
                "access_rules": [ 
					"RCBSStageUnlock"
                ],
                "sections": [
                    {
                        "name": "Balloon 17",
                        "item_count": 1
                    }
                ],
                "map_locations": [
                    {
                        "map": "Radical_City_BS",
                        "x": 515,
                        "y": 450,
						"size": 15
                    }
                ]
            }
		]	
	}
]	