[	
	{
        "name": "Regal Ruin BS",
		"chest_unopened_img": "images/RNotGet.png",
        "chest_opened_img": "images/RGet.png",
        "children": [		
			{
                "name": "Regal Ruin Balloon 1",
                "access_rules": [
			        "RRBSStageUnlock"
                ],
                "sections": [
                    {
                        "name": "Balloon 1",
                        "item_count": 1
                    }
                ],
                "map_locations": [
                    {
                        "map": "Regal_Ruin_BS",
                        "x": 565,
                        "y": 275,
						"size": 15
                    }
                ]
            },
			{
                "name": "Regal Ruin Balloon 2",
                "access_rules": [
			        "RRBSStageUnlock"
                ],
                "sections": [
                    {
                        "name": "Balloon 2",
                        "item_count": 1
                    }
                ],
                "map_locations": [
                    {
                        "map": "Regal_Ruin_BS",
                        "x": 430,
                        "y": 495,
						"size": 15
                    }
                ]
            },
			{
                "name": "Regal Ruin Balloon 3",
                "access_rules": [
			        "RRBSStageUnlock"
                ],
                "sections": [
                    {
                        "name": "Balloon 3",
                        "item_count": 1
                    }
                ],
                "map_locations": [
                    {
                        "map": "Regal_Ruin_BS",
                        "x": 400,
                        "y": 470,
						"size": 15
                    }
                ]
            },
			{
                "name": "Regal Ruin Balloon 4",
                "access_rules": [
			        "RRBSStageUnlock"
                ],
                "sections": [
                    {
                        "name": "Balloon 4",
                        "item_count": 1
                    }
                ],
                "map_locations": [
                    {
                        "map": "Regal_Ruin_BS",
                        "x": 290,
                        "y": 460,
						"size": 15
                    }
                ]
            },
			{
                "name": "Regal Ruin Balloon 5",
                "access_rules": [
			        "RRBSStageUnlock"
                ],
                "sections": [
                    {
                        "name": "Balloon 5",
                        "item_count": 1
                    }
                ],
                "map_locations": [
                    {
                        "map": "Regal_Ruin_BS",
                        "x": 180,
                        "y": 515,
						"size": 15
                    }
                ]
            },
			{
                "name": "Regal Ruin Balloon 6",
                "access_rules": [
			        "RRBSStageUnlock"
                ],
                "sections": [
                    {
                        "name": "Balloon 6",
                        "item_count": 1
                    }
                ],
                "map_locations": [
                    {
                        "map": "Regal_Ruin_BS",
                        "x": 390,
                        "y": 300,
						"size": 15
                    }
                ]
            },
			{
                "name": "Regal Ruin Balloon 7",
                "access_rules": [
			        "RRBSStageUnlock"
                ],
                "sections": [
                    {
                        "name": "Balloon 7",
                        "item_count": 1
                    }
                ],
                "map_locations": [
                    {
                        "map": "Regal_Ruin_BS",
                        "x": 160,
                        "y": 260,
						"size": 15
                    }
                ]
            },
			{
                "name": "Regal Ruin Balloon 8",
                "access_rules": [
			        "RRBSStageUnlock"
                ],
                "sections": [
                    {
                        "name": "Balloon 8",
                        "item_count": 1
                    }
                ],
                "map_locations": [
                    {
                        "map": "Regal_Ruin_BS",
                        "x": 200,
                        "y": 200,
						"size": 15
                    }
                ]
            },
			{
                "name": "Regal Ruin Balloon 9",
                "access_rules": [
			        "RRBSStageUnlock"
                ],
                "sections": [
                    {
                        "name": "Balloon 9",
                        "item_count": 1
                    }
                ],
                "map_locations": [
                    {
                        "map": "Regal_Ruin_BS",
                        "x": 200,
                        "y": 180,
						"size": 15
                    }
                ]
            },
			{
                "name": "Regal Ruin Balloon 10",
                "access_rules": [
			        "RRBSStageUnlock"
                ],
                "sections": [
                    {
                        "name": "Balloon 10",
                        "item_count": 1
                    }
                ],
                "map_locations": [
                    {
                        "map": "Regal_Ruin_BS",
                        "x": 285,
                        "y": 40,
						"size": 15
                    }
                ]
            },
			{
                "name": "Regal Ruin Balloon 11",
                "access_rules": [
			        "RRBSStageUnlock"
                ],
                "sections": [
                    {
                        "name": "Balloon 11",
                        "item_count": 1
                    }
                ],
                "map_locations": [
                    {
                        "map": "Regal_Ruin_BS",
                        "x": 330,
                        "y": 115,
						"size": 15
                    }
                ]
            },
			{
                "name": "Regal Ruin Balloon 12",
                "access_rules": [
			        "RRBSStageUnlock"
                ],
                "sections": [
                    {
                        "name": "Balloon 12",
                        "item_count": 1
                    }
                ],
                "map_locations": [
                    {
                        "map": "Regal_Ruin_BS",
                        "x": 400,
                        "y": 215,
						"size": 15
                    }
                ]
            },
			{
                "name": "Regal Ruin Balloon 13",
                "access_rules": [
			        "RRBSStageUnlock"
                ],
                "sections": [
                    {
                        "name": "Balloon 13",
                        "item_count": 1
                    }
                ],
                "map_locations": [
                    {
                        "map": "Regal_Ruin_BS",
                        "x": 490,
                        "y": 90,
						"size": 15
                    }
                ]
            },
			{
                "name": "Regal Ruin Balloon 14",
                "access_rules": [
			        "RRBSStageUnlock"
                ],
                "sections": [
                    {
                        "name": "Balloon 14",
                        "item_count": 1
                    }
                ],
                "map_locations": [
                    {
                        "map": "Regal_Ruin_BS",
                        "x": 570,
                        "y": 200,
						"size": 15
                    }
                ]
            },
			{
                "name": "Regal Ruin Balloon 15",
                "access_rules": [
			        "RRBSStageUnlock"
                ],
                "sections": [
                    {
                        "name": "Balloon 15",
                        "item_count": 1
                    }
                ],
                "map_locations": [
                    {
                        "map": "Regal_Ruin_BS",
                        "x": 435,
                        "y": 200,
						"size": 15
                    }
                ]
            },
			{
                "name": "Regal Ruin Balloon 16",
                "access_rules": [
			        "RRBSStageUnlock"
                ],
                "sections": [
                    {
                        "name": "Balloon 16",
                        "item_count": 1
                    }
                ],
                "map_locations": [
                    {
                        "map": "Regal_Ruin_BS",
                        "x": 75,
                        "y": 120,
						"size": 15
                    }
                ]
            },
			{
                "name": "Regal Ruin Balloon 17",
                "access_rules": [
			        "RRBSStageUnlock"
                ],
                "sections": [
                    {
                        "name": "Balloon 17",
                        "item_count": 1
                    }
                ],
                "map_locations": [
                    {
                        "map": "Regal_Ruin_BS",
                        "x": 100,
                        "y": 295,
						"size": 15
                    }
                ]
            },
		]	
	},
]	