[
    {
        "name": "Radiant Emerald",
        "chest_unopened_img": "images/RNotGet.png",
        "chest_opened_img": "images/RGet.png",
        "children": [
            {
                "name": "Radiant Emerald 50 Ring Gate 1",
                "access_rules": [
                    "BKey, GKey, PKey, YKey, OKey, RKey, WKey"
                ],
                "sections": [
                    {
                        "name": "50 Ring Gate 1",
                        "item_count": 1
                    }
                ],
                "map_locations": [
                    {
                        "map": "Radiant_Emerald",
                        "x": 170,
                        "y": 390,
						"size": 15
                    }
                ]
            },
            {
                "name": "Radiant Emerald 50 Ring Gate 2",
                "access_rules": [
                    "BKey, GKey, PKey, YKey, OKey, RKey, WKey"
                ],
                "sections": [
                    {
                        "name": "50 Ring Gate 2",
                        "item_count": 1
                    }
                ],
                "map_locations": [
                    {
                        "map": "Radiant_Emerald",
                        "x": 370,
                        "y": 190,
						"size": 15
                    }
                ]
            },
            {
                "name": "Radiant Emerald 1st Place",
                "access_rules": [
                    "BKey, GKey, PKey, YKey, OKey, RKey, WKey"
                ],
                "sections": [
                    {
                        "name": "1st Place",
                        "item_count": 1
                    }
                ],
                "map_locations": [
                    {
                        "map": "Radiant_Emerald",
                        "x": 455,
                        "y": 310,
						"size": 15
                    }
                ]
            }
        ]
    }
]