[
	{
        "name": "Regal Ruin",
		"chest_unopened_img": "images/RNotGet.png",
        "chest_opened_img": "images/RGet.png",
        "children": [
            {
                "name": "Regal Ruin Token 1",
                "access_rules": [
			        "RRStageUnlock"
                ],
                "sections": [
                    {
                        "name": "Token 1",
                        "item_count": 1
                    }
                ],
                "map_locations": [
                    {
                        "map": "Regal_Ruin",
                        "x": 350,
                        "y": 480,
						"size": 15
                    }
                ]
            },
			{
                "name": "Regal Ruin Token 2",
                "access_rules": [
			        "RRStageUnlock"
                ],
                "sections": [
                    {
                        "name": "Token 2",
                        "item_count": 1
                    }
                ],
                "map_locations": [
                    {
                        "map": "Regal_Ruin",
                        "x": 560,
                        "y": 360,
						"size": 15
                    }
                ]
            },
			{
                "name": "Regal Ruin Token 3",
                "access_rules": [
			        "RRStageUnlock"
                ],
                "sections": [
                    {
                        "name": "Token 3",
                        "item_count": 1
                    }
                ],
                "map_locations": [
                    {
                        "map": "Regal_Ruin",
                        "x": 110,
                        "y": 230,
						"size": 15
                    }
                ]
            },
			{
                "name": "Regal Ruin Token 4",
                "access_rules": [
			        "RRStageUnlock"
                ],
                "sections": [
                    {
                        "name": "Token 4",
                        "item_count": 1
                    }
                ],
                "map_locations": [
                    {
                        "map": "Regal_Ruin",
                        "x": 170,
                        "y": 175,
						"size": 15
                    }
                ]
            },
			{
                "name": "Regal Ruin Token 5",
                "access_rules": [
			        "RRStageUnlock"
                ],
                "sections": [
                    {
                        "name": "Token 5",
                        "item_count": 1
                    }
                ],
                "map_locations": [
                    {
                        "map": "Regal_Ruin",
                        "x": 480,
                        "y": 150,
						"size": 15
                    }
                ]
            },
			{
                "name": "Regal Ruin Yellow Emerald",
                "access_rules": [
			        "RRStageUnlock"
                ],
                "sections": [
                    {
                        "name": "Yellow Emerald",
                        "item_count": 1
                    }
                ],
                "map_locations": [
                    {
                        "map": "Regal_Ruin",
                        "x": 250,
                        "y": 520,
						"size": 15
                    }
                ]
            },
			{
                "name": "Regal Ruin Orange Emerald",
                "access_rules": [
			        "RRStageUnlock"
                ],
                "sections": [
                    {
                        "name": "Orange Emerald",
                        "item_count": 1
                    }
                ],
                "map_locations": [
                    {
                        "map": "Regal_Ruin",
                        "x": 40,
                        "y": 60,
						"size": 15
                    }
                ]
            },
			{
                "name": "Regal Ruin Eggrobo Race",
                "access_rules": [ 
			        "RRStageUnlock, $HasEnoughToken|RR"
                ],
                "sections": [
                    {
                        "name": "Eggrobo",
                        "item_count": 1
                    }
                ],
                "map_locations": [
                    {
                        "map": "Regal_Ruin",
                        "x": 490,
                        "y": 400,
						"size": 15
                    }
                ]
            },
			{
                "name": "Regal Ruin 1st Place",
                "access_rules": [ 
			        "RRStageUnlock" 
                ],
                "sections": [
                    {
                        "name": "1st Place",
                        "item_count": 1
                    }
                ],
                "map_locations": [
                    {
                        "map": "Regal_Ruin",
                        "x": 490,
                        "y": 420,
						"size": 15
                    }
                ]
            },
			{
                "name": "Regal Ruin 20 Ring Gate",
                "access_rules": [
			        "RRStageUnlock"
                ],
                "sections": [
                    {
                        "name": "20 Ring Gate",
                        "item_count": 1
                    }
                ],
                "map_locations": [
                    {
                        "map": "Regal_Ruin",
                        "x": 110,
                        "y": 110,
						"size": 15
                    }
                ]
            },
			{
                "name": "Regal Ruin 50 Ring Gate",
                "access_rules": [
			        "RRStageUnlock"
                ],
                "sections": [
                    {
                        "name": "50 Ring Gate",
                        "item_count": 1
                    }
                ],
                "map_locations": [
                    {
                        "map": "Regal_Ruin",
                        "x": 250,
                        "y": 500,
						"size": 15
                    }
                ]
            }
		]	
	}
]	